<?xml version="1.0" encoding="UTF-8"?>
<autorizacion>
  <estado>AUTORIZADO</estado>
  <numeroAutorizacion>0902201514132517912561150012784234238</numeroAutorizacion>
  <fechaAutorizacion>fecha</fechaAutorizacion>
  <ambiente>PRODUCCIÓN_DESARROLLO</ambiente>
  <comprobante>	&lt;?xml version="1.0" encoding="UTF-8"?&gt;&lt;factura id="comprobante" version="1.0.0"&gt;&lt;infoTributaria&gt;&lt;ambiente&gt;2&ltambiente&gt;&lt;tipoEmision&gt;1&lttipoEmision&gt;&lt;razonSocial&gt;EMRESA TOTORA SISA Scc&ltrazonSocial&gt;&lt;nombreComercial&gt;TOTORA SISA&ltnombreComercial&gt;&lt;ruc&gt;1791256115001&ltruc&gt;&lt;claveAcceso&gt;0802201501179125611500120013270130149142658602812&ltclaveAcceso&gt;&lt;codDoc&gt;01&ltcodDoc&gt;&lt;estab&gt;001&ltestab&gt;&lt;ptoEmi&gt;327&ltptoEmi&gt;&lt;secuencial&gt;013014914&ltsecuencial&gt;&lt;dirMatriz&gt;San Rafael de la Laguna calle Bolívar y Imbakucha Parque Central, Otavalo,IMBABURA,ECUADOR&ltdirMatriz&gt;&ltinfoTributaria&gt;&lt;infoFactura&gt;&lt;fechaEmision&gt;fecha&ltfechaEmision&gt;&lt;dirEstablecimiento&gt;San Rafael de la Laguna calle Bolívar y Imbakucha Parque Central, Otavalo,IMBABURA,ECUADOR&ltdirEstablecimiento&gt;&lt;contribuyenteEspecial&gt;5368&ltcontribuyenteEspecial&gt;&lt;tipoIdentificacionComprador&gt;05&lttipoIdentificacionComprador&gt;&lt;razonSocialComprador&gt;cliente&ltrazonSocialComprador&gt;&lt;identificacionComprador&gt;ruc_ced&ltidentificacionComprador&gt;&lt;totalSinImpuestos&gt;total_sin inpuestos&lttotalSinImpuestos&gt;&lt;totalDescuento&gt;descuento&lttotalDescuento&gt;&lt;totalConImpuestos&gt;&lt;totalImpuesto&gt;&lt;codigo&gt;2&ltcodigo&gt;&lt;codigoPorcentaje&gt;2&ltcodigoPorcentaje&gt;&lt;baseImponible&gt;total&ltbaseImponible&gt;&lt;tarifa&gt;iva&lttarifa&gt;&lt;valor&gt;diferencia&ltvalor&gt;&lttotalImpuesto&gt;&lttotalConImpuestos&gt;&lt;propina&gt;0.00&ltpropina&gt;&lt;importeTotal&gt;total&ltimporteTotal&gt;&lt;moneda&gt;DOLAR&ltmoneda&gt;&ltinfoFactura&gt;&lt;detalles&gt;detalle&ltdetalle&gt;&lt;infoAdicional&gt;&lt;campoAdicional nombre="Teléfono"&gt;telefono&ltcampoAdicional&gt;&lt;campoAdicional nombre="Página web"&gt;https://empresatotorasisa.wordpress.com&ltcampoAdicional&gt;&lt;campoAdicional nombre="rucFirmante"&gt;1791256115001&ltcampoAdicional&gt;&lt;campoAdicional nombre="Factura"&gt;num_factu&ltcampoAdicional&gt;&lt;campoAdicional nombre="account"&gt;26586028&ltcampoAdicional&gt;&lt;campoAdicional nombre="DireccionComprador"&gt;dir-client&ltcampoAdicional&gt;&lt;campoAdicional nombre="NoOrdenFactura"&gt;orden_num&ltcampoAdicional&gt;&ltinfoAdicional&gt;&ltfactura&gt;</comprobante>
</autorizacion>
